-- Auto-generated seed (docs/ifrs9-ecl-model, generator in README). Readable + deterministic.
-- Dimensions --------------------------------------------------------------
INSERT INTO dim_stage VALUES
  (1,'PERFORMING','12M','GROSS','Stage 1: no significant increase in credit risk since origination'),
  (2,'UNDERPERFORMING','LIFETIME','GROSS','Stage 2: significant increase in credit risk (SICR), not impaired'),
  (3,'IMPAIRED','LIFETIME','NET','Stage 3: credit-impaired / defaulted');

INSERT INTO dim_rating_grade VALUES
  ('R1',1,FALSE,'internal grade R1'),
  ('R2',2,FALSE,'internal grade R2'),
  ('R3',3,FALSE,'internal grade R3'),
  ('R4',4,FALSE,'internal grade R4'),
  ('R5',5,FALSE,'internal grade R5'),
  ('R6',6,FALSE,'internal grade R6'),
  ('R7',7,FALSE,'internal grade R7'),
  ('R8',8,FALSE,'internal grade R8'),
  ('R9',9,FALSE,'internal grade R9'),
  ('R10',10,FALSE,'internal grade R10'),
  ('D',11,TRUE,'internal grade D');

INSERT INTO dim_scenario VALUES
  ('BASE','Base case','Central macroeconomic forecast'),
  ('UPSIDE','Upside','Favourable macro path'),
  ('DOWNSIDE','Downside','Adverse macro path (higher PD/LGD)');

-- Risk parameter sets (PiT vs TTC, effective-dated) ------------------------
INSERT INTO risk_parameter_set VALUES
  ('PS_TTC_2025','TTC',NULL,'pd_ttc v1.4','2025-01-01',NULL,TRUE,'model_risk_committee','2025-01-01 09:00:00','2025-01-01 09:00:00'),
  ('PS_PIT_BASE_202505','PIT','BASE','pd_pit v2.3','2025-05-01','2025-05-31',FALSE,'model_risk_committee','2025-05-01 09:00:00','2025-05-01 09:00:00'),
  ('PS_PIT_BASE_202506','PIT','BASE','pd_pit v2.3','2025-06-01',NULL,TRUE,'model_risk_committee','2025-06-01 09:00:00','2025-06-01 09:00:00'),
  ('PS_PIT_UP_202506','PIT','UPSIDE','pd_pit v2.3','2025-06-01',NULL,TRUE,'model_risk_committee','2025-06-01 09:00:00','2025-06-01 09:00:00'),
  ('PS_PIT_DOWN_202506','PIT','DOWNSIDE','pd_pit v2.3','2025-06-01',NULL,TRUE,'model_risk_committee','2025-06-01 09:00:00','2025-06-01 09:00:00');

-- PD term structures per set ----------------------------------------------
INSERT INTO pd_term_structure VALUES
  ('PS_TTC_2025','R1',12,0.00100000,0.00100000),
  ('PS_TTC_2025','R1',24,0.00099900,0.00199900),
  ('PS_TTC_2025','R1',36,0.00099800,0.00299700),
  ('PS_TTC_2025','R1',48,0.00099700,0.00399400),
  ('PS_TTC_2025','R1',60,0.00099601,0.00499001),
  ('PS_TTC_2025','R2',12,0.00250000,0.00250000),
  ('PS_TTC_2025','R2',24,0.00249375,0.00499375),
  ('PS_TTC_2025','R2',36,0.00248752,0.00748127),
  ('PS_TTC_2025','R2',48,0.00248129,0.00996256),
  ('PS_TTC_2025','R2',60,0.00247510,0.01243766),
  ('PS_TTC_2025','R3',12,0.00600000,0.00600000),
  ('PS_TTC_2025','R3',24,0.00596400,0.01196400),
  ('PS_TTC_2025','R3',36,0.00592822,0.01789222),
  ('PS_TTC_2025','R3',48,0.00589264,0.02378486),
  ('PS_TTC_2025','R3',60,0.00585729,0.02964215),
  ('PS_TTC_2025','R4',12,0.01200000,0.01200000),
  ('PS_TTC_2025','R4',24,0.01185600,0.02385600),
  ('PS_TTC_2025','R4',36,0.01171373,0.03556973),
  ('PS_TTC_2025','R4',48,0.01157316,0.04714289),
  ('PS_TTC_2025','R4',60,0.01143429,0.05857718),
  ('PS_TTC_2025','R5',12,0.02200000,0.02200000),
  ('PS_TTC_2025','R5',24,0.02151600,0.04351600),
  ('PS_TTC_2025','R5',36,0.02104265,0.06455865),
  ('PS_TTC_2025','R5',48,0.02057971,0.08513836),
  ('PS_TTC_2025','R5',60,0.02012695,0.10526531),
  ('PS_TTC_2025','R6',12,0.04000000,0.04000000),
  ('PS_TTC_2025','R6',24,0.03840000,0.07840000),
  ('PS_TTC_2025','R6',36,0.03686400,0.11526400),
  ('PS_TTC_2025','R6',48,0.03538944,0.15065344),
  ('PS_TTC_2025','R6',60,0.03397386,0.18462730),
  ('PS_TTC_2025','R7',12,0.07000000,0.07000000),
  ('PS_TTC_2025','R7',24,0.06510000,0.13510000),
  ('PS_TTC_2025','R7',36,0.06054300,0.19564300),
  ('PS_TTC_2025','R7',48,0.05630499,0.25194799),
  ('PS_TTC_2025','R7',60,0.05236364,0.30431163),
  ('PS_TTC_2025','R8',12,0.12000000,0.12000000),
  ('PS_TTC_2025','R8',24,0.10560000,0.22560000),
  ('PS_TTC_2025','R8',36,0.09292800,0.31852800),
  ('PS_TTC_2025','R8',48,0.08177664,0.40030464),
  ('PS_TTC_2025','R8',60,0.07196344,0.47226808),
  ('PS_TTC_2025','R9',12,0.20000000,0.20000000),
  ('PS_TTC_2025','R9',24,0.16000000,0.36000000),
  ('PS_TTC_2025','R9',36,0.12800000,0.48800000),
  ('PS_TTC_2025','R9',48,0.10240000,0.59040000),
  ('PS_TTC_2025','R9',60,0.08192000,0.67232000),
  ('PS_TTC_2025','R10',12,0.32000000,0.32000000),
  ('PS_TTC_2025','R10',24,0.21760000,0.53760000),
  ('PS_TTC_2025','R10',36,0.14796800,0.68556800),
  ('PS_TTC_2025','R10',48,0.10061824,0.78618624),
  ('PS_TTC_2025','R10',60,0.06842040,0.85460664),
  ('PS_TTC_2025','D',12,1.00000000,1.00000000),
  ('PS_TTC_2025','D',24,0.00000000,1.00000000),
  ('PS_TTC_2025','D',36,0.00000000,1.00000000),
  ('PS_TTC_2025','D',48,0.00000000,1.00000000),
  ('PS_TTC_2025','D',60,0.00000000,1.00000000),
  ('PS_PIT_BASE_202505','R1',12,0.00100000,0.00100000),
  ('PS_PIT_BASE_202505','R1',24,0.00099900,0.00199900),
  ('PS_PIT_BASE_202505','R1',36,0.00099800,0.00299700),
  ('PS_PIT_BASE_202505','R1',48,0.00099700,0.00399400),
  ('PS_PIT_BASE_202505','R1',60,0.00099601,0.00499001),
  ('PS_PIT_BASE_202505','R2',12,0.00250000,0.00250000),
  ('PS_PIT_BASE_202505','R2',24,0.00249375,0.00499375),
  ('PS_PIT_BASE_202505','R2',36,0.00248752,0.00748127),
  ('PS_PIT_BASE_202505','R2',48,0.00248129,0.00996256),
  ('PS_PIT_BASE_202505','R2',60,0.00247510,0.01243766),
  ('PS_PIT_BASE_202505','R3',12,0.00600000,0.00600000),
  ('PS_PIT_BASE_202505','R3',24,0.00596400,0.01196400),
  ('PS_PIT_BASE_202505','R3',36,0.00592822,0.01789222),
  ('PS_PIT_BASE_202505','R3',48,0.00589264,0.02378486),
  ('PS_PIT_BASE_202505','R3',60,0.00585729,0.02964215),
  ('PS_PIT_BASE_202505','R4',12,0.01200000,0.01200000),
  ('PS_PIT_BASE_202505','R4',24,0.01185600,0.02385600),
  ('PS_PIT_BASE_202505','R4',36,0.01171373,0.03556973),
  ('PS_PIT_BASE_202505','R4',48,0.01157316,0.04714289),
  ('PS_PIT_BASE_202505','R4',60,0.01143429,0.05857718),
  ('PS_PIT_BASE_202505','R5',12,0.02200000,0.02200000),
  ('PS_PIT_BASE_202505','R5',24,0.02151600,0.04351600),
  ('PS_PIT_BASE_202505','R5',36,0.02104265,0.06455865),
  ('PS_PIT_BASE_202505','R5',48,0.02057971,0.08513836),
  ('PS_PIT_BASE_202505','R5',60,0.02012695,0.10526531),
  ('PS_PIT_BASE_202505','R6',12,0.04000000,0.04000000),
  ('PS_PIT_BASE_202505','R6',24,0.03840000,0.07840000),
  ('PS_PIT_BASE_202505','R6',36,0.03686400,0.11526400),
  ('PS_PIT_BASE_202505','R6',48,0.03538944,0.15065344),
  ('PS_PIT_BASE_202505','R6',60,0.03397386,0.18462730),
  ('PS_PIT_BASE_202505','R7',12,0.07000000,0.07000000),
  ('PS_PIT_BASE_202505','R7',24,0.06510000,0.13510000),
  ('PS_PIT_BASE_202505','R7',36,0.06054300,0.19564300),
  ('PS_PIT_BASE_202505','R7',48,0.05630499,0.25194799),
  ('PS_PIT_BASE_202505','R7',60,0.05236364,0.30431163),
  ('PS_PIT_BASE_202505','R8',12,0.12000000,0.12000000),
  ('PS_PIT_BASE_202505','R8',24,0.10560000,0.22560000),
  ('PS_PIT_BASE_202505','R8',36,0.09292800,0.31852800),
  ('PS_PIT_BASE_202505','R8',48,0.08177664,0.40030464),
  ('PS_PIT_BASE_202505','R8',60,0.07196344,0.47226808),
  ('PS_PIT_BASE_202505','R9',12,0.20000000,0.20000000),
  ('PS_PIT_BASE_202505','R9',24,0.16000000,0.36000000),
  ('PS_PIT_BASE_202505','R9',36,0.12800000,0.48800000),
  ('PS_PIT_BASE_202505','R9',48,0.10240000,0.59040000),
  ('PS_PIT_BASE_202505','R9',60,0.08192000,0.67232000),
  ('PS_PIT_BASE_202505','R10',12,0.32000000,0.32000000),
  ('PS_PIT_BASE_202505','R10',24,0.21760000,0.53760000),
  ('PS_PIT_BASE_202505','R10',36,0.14796800,0.68556800),
  ('PS_PIT_BASE_202505','R10',48,0.10061824,0.78618624),
  ('PS_PIT_BASE_202505','R10',60,0.06842040,0.85460664),
  ('PS_PIT_BASE_202505','D',12,1.00000000,1.00000000),
  ('PS_PIT_BASE_202505','D',24,0.00000000,1.00000000),
  ('PS_PIT_BASE_202505','D',36,0.00000000,1.00000000),
  ('PS_PIT_BASE_202505','D',48,0.00000000,1.00000000),
  ('PS_PIT_BASE_202505','D',60,0.00000000,1.00000000),
  ('PS_PIT_BASE_202506','R1',12,0.00100000,0.00100000),
  ('PS_PIT_BASE_202506','R1',24,0.00099900,0.00199900),
  ('PS_PIT_BASE_202506','R1',36,0.00099800,0.00299700),
  ('PS_PIT_BASE_202506','R1',48,0.00099700,0.00399400),
  ('PS_PIT_BASE_202506','R1',60,0.00099601,0.00499001),
  ('PS_PIT_BASE_202506','R2',12,0.00250000,0.00250000),
  ('PS_PIT_BASE_202506','R2',24,0.00249375,0.00499375),
  ('PS_PIT_BASE_202506','R2',36,0.00248752,0.00748127),
  ('PS_PIT_BASE_202506','R2',48,0.00248129,0.00996256),
  ('PS_PIT_BASE_202506','R2',60,0.00247510,0.01243766),
  ('PS_PIT_BASE_202506','R3',12,0.00600000,0.00600000),
  ('PS_PIT_BASE_202506','R3',24,0.00596400,0.01196400),
  ('PS_PIT_BASE_202506','R3',36,0.00592822,0.01789222),
  ('PS_PIT_BASE_202506','R3',48,0.00589264,0.02378486),
  ('PS_PIT_BASE_202506','R3',60,0.00585729,0.02964215),
  ('PS_PIT_BASE_202506','R4',12,0.01200000,0.01200000),
  ('PS_PIT_BASE_202506','R4',24,0.01185600,0.02385600),
  ('PS_PIT_BASE_202506','R4',36,0.01171373,0.03556973),
  ('PS_PIT_BASE_202506','R4',48,0.01157316,0.04714289),
  ('PS_PIT_BASE_202506','R4',60,0.01143429,0.05857718),
  ('PS_PIT_BASE_202506','R5',12,0.02200000,0.02200000),
  ('PS_PIT_BASE_202506','R5',24,0.02151600,0.04351600),
  ('PS_PIT_BASE_202506','R5',36,0.02104265,0.06455865),
  ('PS_PIT_BASE_202506','R5',48,0.02057971,0.08513836),
  ('PS_PIT_BASE_202506','R5',60,0.02012695,0.10526531),
  ('PS_PIT_BASE_202506','R6',12,0.04000000,0.04000000),
  ('PS_PIT_BASE_202506','R6',24,0.03840000,0.07840000),
  ('PS_PIT_BASE_202506','R6',36,0.03686400,0.11526400),
  ('PS_PIT_BASE_202506','R6',48,0.03538944,0.15065344),
  ('PS_PIT_BASE_202506','R6',60,0.03397386,0.18462730),
  ('PS_PIT_BASE_202506','R7',12,0.07000000,0.07000000),
  ('PS_PIT_BASE_202506','R7',24,0.06510000,0.13510000),
  ('PS_PIT_BASE_202506','R7',36,0.06054300,0.19564300),
  ('PS_PIT_BASE_202506','R7',48,0.05630499,0.25194799),
  ('PS_PIT_BASE_202506','R7',60,0.05236364,0.30431163),
  ('PS_PIT_BASE_202506','R8',12,0.12000000,0.12000000),
  ('PS_PIT_BASE_202506','R8',24,0.10560000,0.22560000),
  ('PS_PIT_BASE_202506','R8',36,0.09292800,0.31852800),
  ('PS_PIT_BASE_202506','R8',48,0.08177664,0.40030464),
  ('PS_PIT_BASE_202506','R8',60,0.07196344,0.47226808),
  ('PS_PIT_BASE_202506','R9',12,0.20000000,0.20000000),
  ('PS_PIT_BASE_202506','R9',24,0.16000000,0.36000000),
  ('PS_PIT_BASE_202506','R9',36,0.12800000,0.48800000),
  ('PS_PIT_BASE_202506','R9',48,0.10240000,0.59040000),
  ('PS_PIT_BASE_202506','R9',60,0.08192000,0.67232000),
  ('PS_PIT_BASE_202506','R10',12,0.32000000,0.32000000),
  ('PS_PIT_BASE_202506','R10',24,0.21760000,0.53760000),
  ('PS_PIT_BASE_202506','R10',36,0.14796800,0.68556800),
  ('PS_PIT_BASE_202506','R10',48,0.10061824,0.78618624),
  ('PS_PIT_BASE_202506','R10',60,0.06842040,0.85460664),
  ('PS_PIT_BASE_202506','D',12,1.00000000,1.00000000),
  ('PS_PIT_BASE_202506','D',24,0.00000000,1.00000000),
  ('PS_PIT_BASE_202506','D',36,0.00000000,1.00000000),
  ('PS_PIT_BASE_202506','D',48,0.00000000,1.00000000),
  ('PS_PIT_BASE_202506','D',60,0.00000000,1.00000000),
  ('PS_PIT_UP_202506','R1',12,0.00070000,0.00070000),
  ('PS_PIT_UP_202506','R1',24,0.00069951,0.00139951),
  ('PS_PIT_UP_202506','R1',36,0.00069902,0.00209853),
  ('PS_PIT_UP_202506','R1',48,0.00069853,0.00279706),
  ('PS_PIT_UP_202506','R1',60,0.00069804,0.00349510),
  ('PS_PIT_UP_202506','R2',12,0.00175000,0.00175000),
  ('PS_PIT_UP_202506','R2',24,0.00174694,0.00349694),
  ('PS_PIT_UP_202506','R2',36,0.00174388,0.00524082),
  ('PS_PIT_UP_202506','R2',48,0.00174083,0.00698165),
  ('PS_PIT_UP_202506','R2',60,0.00173778,0.00871943),
  ('PS_PIT_UP_202506','R3',12,0.00420000,0.00420000),
  ('PS_PIT_UP_202506','R3',24,0.00418236,0.00838236),
  ('PS_PIT_UP_202506','R3',36,0.00416479,0.01254715),
  ('PS_PIT_UP_202506','R3',48,0.00414731,0.01669446),
  ('PS_PIT_UP_202506','R3',60,0.00412988,0.02082434),
  ('PS_PIT_UP_202506','R4',12,0.00840000,0.00840000),
  ('PS_PIT_UP_202506','R4',24,0.00832944,0.01672944),
  ('PS_PIT_UP_202506','R4',36,0.00825947,0.02498891),
  ('PS_PIT_UP_202506','R4',48,0.00819010,0.03317901),
  ('PS_PIT_UP_202506','R4',60,0.00812129,0.04130030),
  ('PS_PIT_UP_202506','R5',12,0.01540000,0.01540000),
  ('PS_PIT_UP_202506','R5',24,0.01516284,0.03056284),
  ('PS_PIT_UP_202506','R5',36,0.01492933,0.04549217),
  ('PS_PIT_UP_202506','R5',48,0.01469942,0.06019159),
  ('PS_PIT_UP_202506','R5',60,0.01447305,0.07466464),
  ('PS_PIT_UP_202506','R6',12,0.02800000,0.02800000),
  ('PS_PIT_UP_202506','R6',24,0.02721600,0.05521600),
  ('PS_PIT_UP_202506','R6',36,0.02645395,0.08166995),
  ('PS_PIT_UP_202506','R6',48,0.02571324,0.10738319),
  ('PS_PIT_UP_202506','R6',60,0.02499327,0.13237646),
  ('PS_PIT_UP_202506','R7',12,0.04900000,0.04900000),
  ('PS_PIT_UP_202506','R7',24,0.04659900,0.09559900),
  ('PS_PIT_UP_202506','R7',36,0.04431565,0.13991465),
  ('PS_PIT_UP_202506','R7',48,0.04214418,0.18205883),
  ('PS_PIT_UP_202506','R7',60,0.04007912,0.22213795),
  ('PS_PIT_UP_202506','R8',12,0.08400000,0.08400000),
  ('PS_PIT_UP_202506','R8',24,0.07694400,0.16094400),
  ('PS_PIT_UP_202506','R8',36,0.07048070,0.23142470),
  ('PS_PIT_UP_202506','R8',48,0.06456033,0.29598503),
  ('PS_PIT_UP_202506','R8',60,0.05913726,0.35512229),
  ('PS_PIT_UP_202506','R9',12,0.14000000,0.14000000),
  ('PS_PIT_UP_202506','R9',24,0.12040000,0.26040000),
  ('PS_PIT_UP_202506','R9',36,0.10354400,0.36394400),
  ('PS_PIT_UP_202506','R9',48,0.08904784,0.45299184),
  ('PS_PIT_UP_202506','R9',60,0.07658114,0.52957298),
  ('PS_PIT_UP_202506','R10',12,0.22400000,0.22400000),
  ('PS_PIT_UP_202506','R10',24,0.17382400,0.39782400),
  ('PS_PIT_UP_202506','R10',36,0.13488742,0.53271142),
  ('PS_PIT_UP_202506','R10',48,0.10467265,0.63738407),
  ('PS_PIT_UP_202506','R10',60,0.08122596,0.71861003),
  ('PS_PIT_UP_202506','D',12,1.00000000,1.00000000),
  ('PS_PIT_UP_202506','D',24,0.00000000,1.00000000),
  ('PS_PIT_UP_202506','D',36,0.00000000,1.00000000),
  ('PS_PIT_UP_202506','D',48,0.00000000,1.00000000),
  ('PS_PIT_UP_202506','D',60,0.00000000,1.00000000),
  ('PS_PIT_DOWN_202506','R1',12,0.00180000,0.00180000),
  ('PS_PIT_DOWN_202506','R1',24,0.00179676,0.00359676),
  ('PS_PIT_DOWN_202506','R1',36,0.00179353,0.00539029),
  ('PS_PIT_DOWN_202506','R1',48,0.00179029,0.00718058),
  ('PS_PIT_DOWN_202506','R1',60,0.00178708,0.00896766),
  ('PS_PIT_DOWN_202506','R2',12,0.00450000,0.00450000),
  ('PS_PIT_DOWN_202506','R2',24,0.00447975,0.00897975),
  ('PS_PIT_DOWN_202506','R2',36,0.00445959,0.01343934),
  ('PS_PIT_DOWN_202506','R2',48,0.00443952,0.01787886),
  ('PS_PIT_DOWN_202506','R2',60,0.00441955,0.02229841),
  ('PS_PIT_DOWN_202506','R3',12,0.01080000,0.01080000),
  ('PS_PIT_DOWN_202506','R3',24,0.01068336,0.02148336),
  ('PS_PIT_DOWN_202506','R3',36,0.01056798,0.03205134),
  ('PS_PIT_DOWN_202506','R3',48,0.01045385,0.04250519),
  ('PS_PIT_DOWN_202506','R3',60,0.01034094,0.05284613),
  ('PS_PIT_DOWN_202506','R4',12,0.02160000,0.02160000),
  ('PS_PIT_DOWN_202506','R4',24,0.02113344,0.04273344),
  ('PS_PIT_DOWN_202506','R4',36,0.02067696,0.06341040),
  ('PS_PIT_DOWN_202506','R4',48,0.02023033,0.08364073),
  ('PS_PIT_DOWN_202506','R4',60,0.01979336,0.10343409),
  ('PS_PIT_DOWN_202506','R5',12,0.03960000,0.03960000),
  ('PS_PIT_DOWN_202506','R5',24,0.03803184,0.07763184),
  ('PS_PIT_DOWN_202506','R5',36,0.03652578,0.11415762),
  ('PS_PIT_DOWN_202506','R5',48,0.03507936,0.14923698),
  ('PS_PIT_DOWN_202506','R5',60,0.03369021,0.18292719),
  ('PS_PIT_DOWN_202506','R6',12,0.07200000,0.07200000),
  ('PS_PIT_DOWN_202506','R6',24,0.06681600,0.13881600),
  ('PS_PIT_DOWN_202506','R6',36,0.06200525,0.20082125),
  ('PS_PIT_DOWN_202506','R6',48,0.05754087,0.25836212),
  ('PS_PIT_DOWN_202506','R6',60,0.05339793,0.31176005),
  ('PS_PIT_DOWN_202506','R7',12,0.12600000,0.12600000),
  ('PS_PIT_DOWN_202506','R7',24,0.11012400,0.23612400),
  ('PS_PIT_DOWN_202506','R7',36,0.09624838,0.33237238),
  ('PS_PIT_DOWN_202506','R7',48,0.08412108,0.41649346),
  ('PS_PIT_DOWN_202506','R7',60,0.07352182,0.49001528),
  ('PS_PIT_DOWN_202506','R8',12,0.21600000,0.21600000),
  ('PS_PIT_DOWN_202506','R8',24,0.16934400,0.38534400),
  ('PS_PIT_DOWN_202506','R8',36,0.13276570,0.51810970),
  ('PS_PIT_DOWN_202506','R8',48,0.10408830,0.62219800),
  ('PS_PIT_DOWN_202506','R8',60,0.08160523,0.70380323),
  ('PS_PIT_DOWN_202506','R9',12,0.36000000,0.36000000),
  ('PS_PIT_DOWN_202506','R9',24,0.23040000,0.59040000),
  ('PS_PIT_DOWN_202506','R9',36,0.14745600,0.73785600),
  ('PS_PIT_DOWN_202506','R9',48,0.09437184,0.83222784),
  ('PS_PIT_DOWN_202506','R9',60,0.06039798,0.89262582),
  ('PS_PIT_DOWN_202506','R10',12,0.57600000,0.57600000),
  ('PS_PIT_DOWN_202506','R10',24,0.24422400,0.82022400),
  ('PS_PIT_DOWN_202506','R10',36,0.10355098,0.92377498),
  ('PS_PIT_DOWN_202506','R10',48,0.04390561,0.96768059),
  ('PS_PIT_DOWN_202506','R10',60,0.01861598,0.98629657),
  ('PS_PIT_DOWN_202506','D',12,1.00000000,1.00000000),
  ('PS_PIT_DOWN_202506','D',24,0.00000000,1.00000000),
  ('PS_PIT_DOWN_202506','D',36,0.00000000,1.00000000),
  ('PS_PIT_DOWN_202506','D',48,0.00000000,1.00000000),
  ('PS_PIT_DOWN_202506','D',60,0.00000000,1.00000000);

-- LGD (downturn) by collateral segment, per set ---------------------------
INSERT INTO lgd_parameter VALUES
  ('PS_TTC_2025','UNSECURED',0.65000000,0.75000000),
  ('PS_TTC_2025','RESIDENTIAL_RE',0.20000000,0.30000000),
  ('PS_TTC_2025','VEHICLE',0.40000000,0.50000000),
  ('PS_PIT_BASE_202505','UNSECURED',0.65000000,0.75000000),
  ('PS_PIT_BASE_202505','RESIDENTIAL_RE',0.20000000,0.30000000),
  ('PS_PIT_BASE_202505','VEHICLE',0.40000000,0.50000000),
  ('PS_PIT_BASE_202506','UNSECURED',0.65000000,0.75000000),
  ('PS_PIT_BASE_202506','RESIDENTIAL_RE',0.20000000,0.30000000),
  ('PS_PIT_BASE_202506','VEHICLE',0.40000000,0.50000000),
  ('PS_PIT_UP_202506','UNSECURED',0.65000000,0.75000000),
  ('PS_PIT_UP_202506','RESIDENTIAL_RE',0.20000000,0.30000000),
  ('PS_PIT_UP_202506','VEHICLE',0.40000000,0.50000000),
  ('PS_PIT_DOWN_202506','UNSECURED',0.65000000,0.75000000),
  ('PS_PIT_DOWN_202506','RESIDENTIAL_RE',0.20000000,0.30000000),
  ('PS_PIT_DOWN_202506','VEHICLE',0.40000000,0.50000000);

-- EAD credit-conversion factors by product, per set -----------------------
INSERT INTO ccf_parameter VALUES
  ('PS_TTC_2025','PERSONAL_FINANCE',1.00000000),
  ('PS_TTC_2025','BNPL',1.00000000),
  ('PS_TTC_2025','CARD_ALT',0.55000000),
  ('PS_PIT_BASE_202505','PERSONAL_FINANCE',1.00000000),
  ('PS_PIT_BASE_202505','BNPL',1.00000000),
  ('PS_PIT_BASE_202505','CARD_ALT',0.55000000),
  ('PS_PIT_BASE_202506','PERSONAL_FINANCE',1.00000000),
  ('PS_PIT_BASE_202506','BNPL',1.00000000),
  ('PS_PIT_BASE_202506','CARD_ALT',0.55000000),
  ('PS_PIT_UP_202506','PERSONAL_FINANCE',1.00000000),
  ('PS_PIT_UP_202506','BNPL',1.00000000),
  ('PS_PIT_UP_202506','CARD_ALT',0.55000000),
  ('PS_PIT_DOWN_202506','PERSONAL_FINANCE',1.00000000),
  ('PS_PIT_DOWN_202506','BNPL',1.00000000),
  ('PS_PIT_DOWN_202506','CARD_ALT',0.55000000);

-- Scenario weights per reporting date -------------------------------------
INSERT INTO scenario_weight VALUES
  ('2025-05-31','BASE',0.55),('2025-05-31','UPSIDE',0.20),('2025-05-31','DOWNSIDE',0.25),
  ('2025-06-30','BASE',0.50),('2025-06-30','UPSIDE',0.20),('2025-06-30','DOWNSIDE',0.30);

-- Exposures ---------------------------------------------------------------
INSERT INTO dim_exposure VALUES
  ('EXP-0001','11111111-1111-4111-8111-111111111111','PERSONAL_FINANCE',FALSE,'AED','2024-01-15','2029-01-15','R3',0.01789222,FALSE,'UNSECURED'),
  ('EXP-0002','22222222-2222-4222-8222-222222222222','CARD_ALT',TRUE,'AED','2023-06-01',NULL,'R4',0.03556973,FALSE,'UNSECURED'),
  ('EXP-0003','33333333-3333-4333-8333-333333333333','PERSONAL_FINANCE',FALSE,'AED','2022-03-01','2027-03-01','R3',0.01789222,FALSE,'UNSECURED'),
  ('EXP-0004','44444444-4444-4444-8444-444444444444','BNPL',FALSE,'AED','2025-01-10','2025-12-10','R5',0.06455865,FALSE,'UNSECURED'),
  ('EXP-0005','55555555-5555-4555-8555-555555555555','PERSONAL_FINANCE',FALSE,'AED','2021-09-01','2026-09-01','R4',0.03556973,FALSE,'VEHICLE'),
  ('EXP-0006','66666666-6666-4666-8666-666666666666','CARD_ALT',TRUE,'AED','2023-02-01',NULL,'R5',0.06455865,FALSE,'UNSECURED'),
  ('EXP-0007','77777777-7777-4777-8777-777777777777','PERSONAL_FINANCE',FALSE,'AED','2024-06-01','2027-06-01','R4',0.03556973,FALSE,'UNSECURED');

-- Monthly exposure snapshots ---------------------------------------------
INSERT INTO fact_exposure_snapshot VALUES
  ('2025-06-30','EXP-0001',120000.00,0.00,0,'R3',0.01789222,0.09000000,43,0.00,FALSE,FALSE,FALSE,'CORE_BANKING','2025-06-30 23:00:00'),
  ('2025-06-30','EXP-0002',18000.00,12000.00,35,'R5',0.06455865,0.24000000,36,0.00,FALSE,FALSE,FALSE,'CORE_BANKING','2025-06-30 23:00:00'),
  ('2025-06-30','EXP-0003',90000.00,0.00,5,'R7',0.19564300,0.10000000,21,0.00,FALSE,FALSE,FALSE,'CORE_BANKING','2025-06-30 23:00:00'),
  ('2025-06-30','EXP-0004',5000.00,0.00,10,'R6',0.11526400,0.01000000,6,0.00,TRUE,FALSE,FALSE,'CORE_BANKING','2025-06-30 23:00:00'),
  ('2025-06-30','EXP-0005',60000.00,0.00,95,'R9',0.48800000,0.11000000,15,25000.00,FALSE,FALSE,FALSE,'CORE_BANKING','2025-06-30 23:00:00'),
  ('2025-06-30','EXP-0006',30000.00,5000.00,20,'R8',0.31852800,0.24000000,36,0.00,FALSE,FALSE,TRUE,'CORE_BANKING','2025-06-30 23:00:00'),
  ('2025-06-30','EXP-0007',40000.00,0.00,0,'R5',0.06455865,0.10000000,24,0.00,FALSE,TRUE,FALSE,'CORE_BANKING','2025-06-30 23:00:00'),
  ('2025-05-31','EXP-0002',17000.00,13000.00,5,'R4',0.03556973,0.24000000,37,0.00,FALSE,FALSE,FALSE,'CORE_BANKING','2025-05-31 23:00:00'),
  ('2025-05-31','EXP-0005',60000.00,0.00,65,'R8',0.31852800,0.11000000,16,25000.00,FALSE,FALSE,FALSE,'CORE_BANKING','2025-05-31 23:00:00');

